﻿<?xml version="1.0" encoding="UTF-8" standalone="yes"?>
<addon id="plugin.video.newagesoldier" name="NewAgeSoldier Videos" version="1.0.0" provider-name="New Age Soldier">
    <requires>
		<import addon="xbmc.python" version="2.14.0"/>
		<import addon="plugin.video.youtube" version="5.0.0"/>
	</requires>
	<extension point="xbmc.python.pluginsource" library="addon.py">
		<provides>video</provides>
	</extension>
	<extension point="xbmc.addon.metadata">
		<platform>all</platform>
		<summary lang="en">newagesoldier video</summary>
		<description lang="en">Plugin to the New Age Soldier videos</description>
		<license>GNU General Public License, v2</license>
		<language>English</language>
		<email>jake@newagesoldier.com</email>
	</extension>
</addon>
